timestamp,junction_id,vehicle_count,avg_speed,congestion_level
2026-01-01T00:00:00,1,14,51,Low
2026-01-01T01:00:00,1,23,49,Low
2026-01-01T02:00:00,1,50,40,Medium
2026-01-01T03:00:00,1,15,51,Low
2026-01-01T04:00:00,1,13,51,Low
2026-01-01T05:00:00,1,18,36,Low
2026-01-01T06:00:00,1,41,54,Medium
2026-01-01T07:00:00,1,36,43,Low
2026-01-01T08:00:00,1,106,19,High
2026-01-01T09:00:00,1,119,10,High
2026-01-01T10:00:00,1,22,43,Low
2026-01-01T11:00:00,1,50,54,Medium
2026-01-01T12:00:00,1,37,32,Low
2026-01-01T13:00:00,1,40,54,Medium
2026-01-01T14:00:00,1,15,37,Low
2026-01-01T15:00:00,1,37,42,Low
2026-01-01T16:00:00,1,40,37,Medium
2026-01-01T17:00:00,1,96,11,High
2026-01-01T18:00:00,1,88,11,High
2026-01-01T19:00:00,1,119,17,High
2026-01-01T20:00:00,1,25,54,Low
2026-01-01T21:00:00,1,13,39,Low
2026-01-01T22:00:00,1,16,45,Low
2026-01-01T23:00:00,1,38,35,Low
2026-01-01T00:00:00,2,15,36,Low
2026-01-01T01:00:00,2,17,43,Low
2026-01-01T02:00:00,2,27,41,Low
2026-01-01T03:00:00,2,19,40,Low
2026-01-01T04:00:00,2,32,41,Low
2026-01-01T05:00:00,2,29,53,Low
2026-01-01T06:00:00,2,12,56,Low
2026-01-01T07:00:00,2,16,40,Low
2026-01-01T08:00:00,2,75,16,Medium
2026-01-01T09:00:00,2,64,13,Medium
2026-01-01T10:00:00,2,15,40,Low
2026-01-01T11:00:00,2,30,58,Low
2026-01-01T12:00:00,2,49,35,Medium
2026-01-01T13:00:00,2,48,60,Medium
2026-01-01T14:00:00,2,27,59,Low
2026-01-01T15:00:00,2,19,41,Low
2026-01-01T16:00:00,2,47,44,Medium
2026-01-01T17:00:00,2,80,18,High
2026-01-01T18:00:00,2,68,11,Medium
2026-01-01T19:00:00,2,88,10,High
2026-01-01T20:00:00,2,33,49,Low
2026-01-01T21:00:00,2,47,40,Medium
2026-01-01T22:00:00,2,39,50,Low
2026-01-01T23:00:00,2,20,37,Low
2026-01-01T00:00:00,3,25,44,Low
2026-01-01T01:00:00,3,16,43,Low
2026-01-01T02:00:00,3,23,59,Low
2026-01-01T03:00:00,3,15,60,Low
2026-01-01T04:00:00,3,21,52,Low
2026-01-01T05:00:00,3,22,45,Low
2026-01-01T06:00:00,3,21,55,Low
2026-01-01T07:00:00,3,24,41,Low
2026-01-01T08:00:00,3,65,11,Medium
2026-01-01T09:00:00,3,94,12,High
2026-01-01T10:00:00,3,43,43,Medium
2026-01-01T11:00:00,3,41,37,Medium
2026-01-01T12:00:00,3,16,31,Low
2026-01-01T13:00:00,3,46,35,Medium
2026-01-01T14:00:00,3,39,48,Low
2026-01-01T15:00:00,3,37,31,Low
2026-01-01T16:00:00,3,38,59,Low
2026-01-01T17:00:00,3,120,16,High
2026-01-01T18:00:00,3,97,18,High
2026-01-01T19:00:00,3,71,12,Medium
2026-01-01T20:00:00,3,18,47,Low
2026-01-01T21:00:00,3,16,60,Low
2026-01-01T22:00:00,3,14,30,Low
2026-01-01T23:00:00,3,37,37,Low
2026-01-01T00:00:00,4,29,34,Low
2026-01-01T01:00:00,4,21,54,Low
2026-01-01T02:00:00,4,41,59,Medium
2026-01-01T03:00:00,4,37,56,Low
2026-01-01T04:00:00,4,43,38,Medium
2026-01-01T05:00:00,4,15,37,Low
2026-01-01T06:00:00,4,24,40,Low
2026-01-01T07:00:00,4,30,46,Low
2026-01-01T08:00:00,4,69,13,Medium
2026-01-01T09:00:00,4,100,20,High
2026-01-01T10:00:00,4,41,33,Medium
2026-01-01T11:00:00,4,37,49,Low
2026-01-01T12:00:00,4,26,32,Low
2026-01-01T13:00:00,4,29,43,Low
2026-01-01T14:00:00,4,17,59,Low
2026-01-01T15:00:00,4,30,41,Low
2026-01-01T16:00:00,4,31,54,Low
2026-01-01T17:00:00,4,116,13,High
2026-01-01T18:00:00,4,73,16,Medium
2026-01-01T19:00:00,4,120,13,High
2026-01-01T20:00:00,4,31,30,Low
2026-01-01T21:00:00,4,38,43,Low
2026-01-01T22:00:00,4,38,41,Low
2026-01-01T23:00:00,4,35,55,Low
